Date,Close,Close_Lendemain,Rendement
2020-05-18,54.242000579833984,53.867332458496094,-0.006907343337870621
2020-05-19,53.867332458496094,54.37066650390625,0.009343957133907958
2020-05-20,54.37066650390625,55.17333221435547,0.014762844784908998
2020-05-21,55.17333221435547,54.45866775512695,-0.012953077701595992
2020-05-22,54.45866775512695,54.591331481933594,0.0024360442933191503
2020-05-26,54.591331481933594,54.68199920654297,0.0016608447192642754
2020-05-27,54.68199920654297,53.72066879272461,-0.017580381620416898
2020-05-28,53.72066879272461,55.66666793823242,0.03622440280883769
2020-05-29,55.66666793823242,59.87333297729492,0.07556883131086997
2020-06-01,59.87333297729492,58.770668029785156,-0.018416628784101875
2020-06-02,58.770668029785156,58.86399841308594,0.0015880436011631027
2020-06-03,58.86399841308594,57.62533187866211,-0.021042854169221074
2020-06-04,57.62533187866211,59.04399871826172,0.024618805538279647
2020-06-05,59.04399871826172,63.327999114990234,0.0725560681818035
2020-06-08,63.327999114990234,62.711334228515625,-0.009737634144336007
2020-06-09,62.711334228515625,68.336669921875,0.08970205725269778
2020-06-10,68.336669921875,64.85600280761719,-0.05093410489912721
2020-06-11,64.85600280761719,62.35200119018555,-0.03860863311078973
2020-06-12,62.35200119018555,66.05999755859375,0.05946876279236177
2020-06-15,66.05999755859375,65.47533416748047,-0.008850490655781479
2020-06-16,65.47533416748047,66.11933135986328,0.009835722116904682
2020-06-17,66.11933135986328,66.9306640625,0.012270733625857955
2020-06-18,66.9306640625,66.72666931152344,-0.003047851890219881
2020-06-19,66.72666931152344,66.28800201416016,-0.006574092516371488
2020-06-22,66.28800201416016,66.78533172607422,0.007502559992799678
2020-06-23,66.78533172607422,64.0566635131836,-0.0408572981876094
2020-06-24,64.0566635131836,65.73200225830078,0.026154011983037233
2020-06-25,65.73200225830078,63.982666015625,-0.02661315923104824
2020-06-26,63.982666015625,67.29000091552734,0.051691108011889815
2020-06-29,67.29000091552734,71.98733520507812,0.06980731498945275
2020-06-30,71.98733520507812,74.64199829101562,0.03687680726581799
2020-07-01,74.64199829101562,80.57733154296875,0.0795173412803384
2020-07-02,80.57733154296875,91.43866729736328,0.1347939370342961
2020-07-06,91.43866729736328,92.65733337402344,0.013327688522591773
2020-07-07,92.65733337402344,91.05867004394531,-0.017253500309845002
2020-07-08,91.05867004394531,92.9520034790039,0.020792456491456144
2020-07-09,92.9520034790039,102.97666931152344,0.10784776505418642
2020-07-10,102.97666931152344,99.80400085449219,-0.030809585105470272
2020-07-13,99.80400085449219,101.12000274658203,0.013185863099902075
2020-07-14,101.12000274658203,103.06732940673828,0.01925758116360486
2020-07-15,103.06732940673828,100.04266357421875,-0.029346504366899666
2020-07-16,100.04266357421875,100.05599975585938,0.00013330494375263482
2020-07-17,100.05599975585938,109.53333282470703,0.0947202875586944
2020-07-20,109.53333282470703,104.55733489990234,-0.04542907438750252
2020-07-21,104.55733489990234,106.15533447265625,0.01528347651825428
2020-07-22,106.15533447265625,100.87133026123047,-0.04977615338574293
2020-07-23,100.87133026123047,94.46666717529297,-0.06349339370613127
2020-07-24,94.46666717529297,102.63999938964844,0.08652080631985228
2020-07-27,102.63999938964844,98.43267059326172,-0.040991122577997995
2020-07-28,98.43267059326172,99.94066619873047,0.015320072049045685
2020-07-29,99.94066619873047,99.16600036621094,-0.0077512574408811746
2020-07-30,99.16600036621094,95.38400268554688,-0.03813804798718807
2020-07-31,95.38400268554688,99.0,0.037909892777031065
2020-08-03,99.0,99.13333129882812,0.0013467807962436868
2020-08-04,99.13333129882812,99.00133514404297,-0.0013315012524623654
2020-08-05,99.00133514404297,99.30533599853516,0.003070674289895974
2020-08-06,99.30533599853516,96.84733581542969,-0.024751944680412002
2020-08-07,96.84733581542969,94.57133483886719,-0.023500914685976197
2020-08-10,94.57133483886719,91.6259994506836,-0.03114406065222537
2020-08-11,91.6259994506836,103.65066528320312,0.13123639474177456
2020-08-12,103.65066528320312,108.06666564941406,0.04260465047807621
2020-08-13,108.06666564941406,110.04733276367188,0.018328196788114298
2020-08-14,110.04733276367188,122.3759994506836,0.1120305815451947
2020-08-17,122.3759994506836,125.80599975585938,0.02802837419569382
2020-08-18,125.80599975585938,125.23533630371094,-0.004536059116861468
2020-08-19,125.23533630371094,133.45533752441406,0.0656364366744592
2020-08-20,133.45533752441406,136.6653289794922,0.024052926729070657
2020-08-21,136.6653289794922,134.27999877929688,-0.017453806448256177
2020-08-24,134.27999877929688,134.8893280029297,0.004537751185374289
2020-08-25,134.8893280029297,143.54466247558594,0.06416619165356256
2020-08-26,143.54466247558594,149.25,0.03974607920642417
2020-08-27,149.25,147.55999755859375,-0.011323299439907872
2020-08-28,147.55999755859375,166.10667419433594,0.12568905491054644
2020-08-31,166.10667419433594,158.35000610351562,-0.046696908046846
2020-09-01,158.35000610351562,149.1233367919922,-0.05826756524083639
2020-09-02,149.1233367919922,135.6666717529297,-0.09023849203316052
2020-09-03,135.6666717529297,139.44000244140625,0.027813247275265882
2020-09-04,139.44000244140625,110.06999969482422,-0.21062824320390794
2020-09-08,110.06999969482422,122.09333038330078,0.10923349433825728
2020-09-09,122.09333038330078,123.77999877929688,0.013814582587770793
2020-09-10,123.77999877929688,124.23999786376953,0.003716263443279291
2020-09-11,124.23999786376953,139.8733367919922,0.12583177074233998
2020-09-14,139.8733367919922,149.9199981689453,0.07182685140266348
2020-09-15,149.9199981689453,147.25332641601562,-0.01778729846250803
2020-09-16,147.25332641601562,141.14332580566406,-0.04149312452942336
2020-09-17,141.14332580566406,147.38333129882812,0.044210418434915834
2020-09-18,147.38333129882812,149.79666137695312,0.01637451166870313
2020-09-21,149.79666137695312,141.41000366210938,-0.05598694682346288
2020-09-22,141.41000366210938,126.78666687011719,-0.10341090738483937
2020-09-23,126.78666687011719,129.26333618164062,0.019534146394593586
2020-09-24,129.26333618164062,135.77999877929688,0.050413851213766035
2020-09-25,135.77999877929688,140.39999389648438,0.034025594039789726
2020-09-28,140.39999389648438,139.69000244140625,-0.005056919415549229
2020-09-29,139.69000244140625,143.00332641601562,0.023719120314277087
2020-09-30,143.00332641601562,149.3866729736328,0.04463774876849498
2020-10-01,149.3866729736328,138.3633270263672,-0.07379069181901707
2020-10-02,138.3633270263672,141.89332580566406,0.025512531789758
2020-10-05,141.89332580566406,137.9933319091797,-0.027485393511924406
2020-10-06,137.9933319091797,141.76666259765625,0.0273442972661895
2020-10-07,141.76666259765625,141.97332763671875,0.0014577830589764952
2020-10-08,141.97332763671875,144.6666717529297,0.018970775433979153
2020-10-09,144.6666717529297,147.43333435058594,0.019124395163948475
2020-10-12,147.43333435058594,148.88333129882812,0.009834932884270245
2020-10-13,148.88333129882812,153.76666259765625,0.032799718116372924
2020-10-14,153.76666259765625,149.6266632080078,-0.026923907430319298
2020-10-15,149.6266632080078,146.55667114257812,-0.02051768046956878
2020-10-16,146.55667114257812,143.61000061035156,-0.020106014344170555
2020-10-19,143.61000061035156,140.64666748046875,-0.020634587544658866
2020-10-20,140.64666748046875,140.8800048828125,0.0016590325709363357
2020-10-21,140.8800048828125,141.92999267578125,0.007453064711647022
2020-10-22,141.92999267578125,140.2100067138672,-0.01211855175560478
2020-10-23,140.2100067138672,140.0933380126953,-0.0008320996760949168
2020-10-26,140.0933380126953,141.55999755859375,0.010469159823756418
2020-10-27,141.55999755859375,135.33999633789062,-0.043938975190562404
2020-10-28,135.33999633789062,136.94332885742188,0.011846701366300918
2020-10-29,136.94332885742188,129.34666442871094,-0.05547305218949498
2020-10-30,129.34666442871094,133.50332641601562,0.03213582666134866
2020-11-02,133.50332641601562,141.3000030517578,0.0584006170111943
2020-11-03,141.3000030517578,140.32666015625,-0.0068884846035798
2020-11-04,140.32666015625,146.02999877929688,0.04064330054386215
2020-11-05,146.02999877929688,143.31666564941406,-0.018580655704747498
2020-11-06,143.31666564941406,140.4199981689453,-0.020211658339544913
2020-11-09,140.4199981689453,136.7866668701172,-0.0258747425310226
2020-11-10,136.7866668701172,139.0433349609375,0.016497719715351224
2020-11-11,139.0433349609375,137.25332641601562,-0.012873745767280077
2020-11-12,137.25332641601562,136.1666717529297,-0.007917146283160242
2020-11-13,136.1666717529297,136.02999877929688,-0.0010037182511209606
2020-11-16,136.02999877929688,147.20333862304688,0.0821387925017796
2020-11-17,147.20333862304688,162.2133331298828,0.10196775866118772
2020-11-18,162.2133331298828,166.42333984375,0.025953518324515725
2020-11-19,166.42333984375,163.20333862304688,-0.019348255020757845
2020-11-20,163.20333862304688,173.9499969482422,0.06584827501609526
2020-11-23,173.9499969482422,185.1266632080078,0.06425217853318604
2020-11-24,185.1266632080078,191.3333282470703,0.033526586238356755
2020-11-25,191.3333282470703,195.25332641601562,0.020487795852708872
2020-11-27,195.25332641601562,189.1999969482422,-0.031002439645386314
2020-11-30,189.1999969482422,194.9199981689453,0.03023256507909932
2020-12-01,194.9199981689453,189.60667419433594,-0.027258998689319167
2020-12-02,189.60667419433594,197.7933349609375,0.043177070645787005
2020-12-03,197.7933349609375,199.67999267578125,0.009538530280690948
2020-12-04,199.67999267578125,213.9199981689453,0.07131413268972542
2020-12-07,213.9199981689453,216.6266632080078,0.012652697560911936
2020-12-08,216.6266632080078,201.4933319091797,-0.0698590426253157
2020-12-09,201.4933319091797,209.02333068847656,0.037370957678594136
2020-12-10,209.02333068847656,203.3300018310547,-0.027237767375868093
2020-12-11,203.3300018310547,213.27667236328125,0.04891885330572698
2020-12-14,213.27667236328125,211.0833282470703,-0.01028403196611649
2020-12-15,211.0833282470703,207.58999633789062,-0.01654953964479273
2020-12-16,207.58999633789062,218.63333129882812,0.053197818564255164
2020-12-17,218.63333129882812,231.6666717529297,0.05961277896958716
2020-12-18,231.6666717529297,216.6199951171875,-0.0649496818937742
2020-12-21,216.6199951171875,213.44667053222656,-0.014649269026362162
2020-12-22,213.44667053222656,215.32666015625,0.008807772074100323
2020-12-23,215.32666015625,220.58999633789062,0.024443495189222408
2020-12-24,220.58999633789062,221.22999572753906,0.0029013074041132534
2020-12-28,221.22999572753906,221.99667358398438,0.0034655239852263635
2020-12-29,221.99667358398438,231.5933380126953,0.0432288658824448
2020-12-30,231.5933380126953,235.22332763671875,0.01567398119122257
2020-12-31,235.22332763671875,243.2566680908203,0.03415197180829077
2021-01-04,243.2566680908203,245.0366668701172,0.007317368906131319
2021-01-05,245.0366668701172,251.9933319091797,0.02839030226749661
2021-01-06,251.9933319091797,272.0133361816406,0.07944656360858111
2021-01-07,272.0133361816406,293.3399963378906,0.07840299470467445
2021-01-08,293.3399963378906,270.39666748046875,-0.07821411721500827
2021-01-11,270.39666748046875,283.14666748046875,0.04715294799600648
2021-01-12,283.14666748046875,284.8033447265625,0.005850950889994233
2021-01-13,284.8033447265625,281.6666564941406,-0.011013523157297837
2021-01-14,281.6666564941406,275.38665771484375,-0.022295854459533852
2021-01-15,275.38665771484375,281.51666259765625,0.022259629183487794
2021-01-19,281.51666259765625,283.48333740234375,0.006985997867906926
2021-01-20,283.48333740234375,281.663330078125,-0.006420156263490155
2021-01-21,281.663330078125,282.21331787109375,0.001952642514083036
2021-01-22,282.21331787109375,293.6000061035156,0.04034780611460356
2021-01-25,293.6000061035156,294.36334228515625,0.0025999188207492504
2021-01-26,294.36334228515625,288.0533447265625,-0.021436084770640757
2021-01-27,288.0533447265625,278.4766540527344,-0.03324624014666066
2021-01-28,278.4766540527344,264.510009765625,-0.05015373491403897
2021-01-29,264.510009765625,279.9366760253906,0.058321672867634636
2021-02-01,279.9366760253906,290.92999267578125,0.039270726531715754
2021-02-02,290.92999267578125,284.89666748046875,-0.02073806533256325
2021-02-03,284.89666748046875,283.3299865722656,-0.005499119810906632
2021-02-04,283.3299865722656,284.07666015625,0.0026353496607177153
2021-02-05,284.07666015625,287.8066711425781,0.013130297238345861
2021-02-08,287.8066711425781,283.1533203125,-0.01616832164315217
2021-02-09,283.1533203125,268.2733459472656,-0.05255094430399829
2021-02-10,268.2733459472656,270.5533447265625,0.008498789811735727
2021-02-11,270.5533447265625,272.0400085449219,0.005494900903412919
2021-02-12,272.0400085449219,265.40667724609375,-0.024383660823671695
2021-02-16,265.40667724609375,266.04998779296875,0.0024238672272683683
2021-02-17,266.04998779296875,262.4599914550781,-0.013493691045324312
2021-02-18,262.4599914550781,260.4333190917969,-0.0077218335337335756
2021-02-19,260.4333190917969,238.1666717529297,-0.0854984585555994
2021-02-22,238.1666717529297,232.94667053222656,-0.021917429429917343
2021-02-23,232.94667053222656,247.33999633789062,0.061788072663922645
2021-02-24,247.33999633789062,227.4066619873047,-0.08059082496045263
2021-02-25,227.4066619873047,225.1666717529297,-0.00985015221102032
2021-02-26,225.1666717529297,239.47666931152344,0.06355291148192566
2021-03-01,239.47666931152344,228.81333923339844,-0.04452763648659903
2021-03-02,228.81333923339844,217.73333740234375,-0.04842375828339561
2021-03-03,217.73333740234375,207.14666748046875,-0.048622181831127535
2021-03-04,207.14666748046875,199.31666564941406,-0.03779931353128312
2021-03-05,199.31666564941406,187.6666717529297,-0.05844967282854314
2021-03-08,187.6666717529297,224.52667236328125,0.19641207608178374
2021-03-09,224.52667236328125,222.68666076660156,-0.008195069108326571
2021-03-10,222.68666076660156,233.1999969482422,0.047211342365314275
2021-03-11,233.1999969482422,231.2433319091797,-0.0083905019925741
2021-03-12,231.2433319091797,235.97999572753906,0.020483461206222756
2021-03-15,235.97999572753906,225.6266632080078,-0.0438737719594043
2021-03-16,225.6266632080078,233.93666076660156,0.03683074261011726
2021-03-17,233.93666076660156,217.72000122070312,-0.06932072763951173
2021-03-18,217.72000122070312,218.2899932861328,0.0026180050626211674
2021-03-19,218.2899932861328,223.3333282470703,0.023103830299388648
2021-03-22,223.3333282470703,220.72000122070312,-0.011701464563659317
2021-03-23,220.72000122070312,210.08999633789062,-0.04816058727810221
2021-03-24,210.08999633789062,213.4633331298828,0.016056627401557968
2021-03-25,213.4633331298828,206.23666381835938,-0.03385438241576756
2021-03-26,206.23666381835938,203.76333618164062,-0.011992667021112723
2021-03-29,203.76333618164062,211.8733367919922,0.03980107885121232
2021-03-30,211.8733367919922,222.64332580566406,0.050832205584440154
2021-03-31,222.64332580566406,220.5833282470703,-0.00925245592311999
2021-04-01,220.5833282470703,230.35000610351562,0.044276591227719084
2021-04-05,230.35000610351562,230.5399932861328,0.000824776112798583
2021-04-06,230.5399932861328,223.6566619873047,-0.029857428208930913
2021-04-07,223.6566619873047,227.93333435058594,0.01912159613436422
2021-04-08,227.93333435058594,225.67333984375,-0.009915155733034744
2021-04-09,225.67333984375,233.9933319091797,0.03686741230129452
2021-04-12,233.9933319091797,254.10667419433594,0.08595690364784789
2021-04-13,254.10667419433594,244.07666015625,-0.039471667046475034
2021-04-14,244.07666015625,246.28334045410156,0.009040931223980683
2021-04-15,246.28334045410156,246.5933380126953,0.0012587029151958514
2021-04-16,246.5933380126953,238.2100067138672,-0.03399658468630863
2021-04-19,238.2100067138672,239.663330078125,0.006101017267521904
2021-04-20,239.663330078125,248.0399932861328,0.03495179343989422
2021-04-21,248.0399932861328,239.89666748046875,-0.032830696766993225
2021-04-22,239.89666748046875,243.13333129882812,0.01349190821345148
2021-04-23,243.13333129882812,246.06666564941406,0.012064715006025486
2021-04-26,246.06666564941406,234.913330078125,-0.04532647907368277
2021-04-27,234.913330078125,231.46665954589844,-0.01467209430422831
2021-04-28,231.46665954589844,225.6666717529297,-0.02505755171974842
2021-04-29,225.6666717529297,236.47999572753906,0.04791723957558209
2021-04-30,236.47999572753906,228.3000030517578,-0.034590632711300646
2021-05-03,228.3000030517578,224.53334045410156,-0.016498740899282036
2021-05-04,224.53334045410156,223.64666748046875,-0.003948959080373472
2021-05-05,223.64666748046875,221.17999267578125,-0.011029338520784875
2021-05-06,221.17999267578125,224.1233367919922,0.013307460953421162
2021-05-07,224.1233367919922,209.67999267578125,-0.06444373139784072
2021-05-10,209.67999267578125,205.73333740234375,-0.018822278764288377
2021-05-11,205.73333740234375,196.6300048828125,-0.044248212926854234
2021-05-12,196.6300048828125,190.56333923339844,-0.030853203980896367
2021-05-13,190.56333923339844,196.5800018310547,0.03157303299711364
2021-05-14,196.5800018310547,192.27667236328125,-0.02189098294684022
2021-05-17,192.27667236328125,192.6233367919922,0.0018029458511532855
2021-05-18,192.6233367919922,187.82000732421875,-0.024936383865888482
2021-05-19,187.82000732421875,195.5933380126953,0.04138712802336377
2021-05-20,195.5933380126953,193.6266632080078,-0.010054917128925167
2021-05-21,193.6266632080078,202.14666748046875,0.044002226404677186
2021-05-24,202.14666748046875,201.56333923339844,-0.002885668382965914
2021-05-25,201.56333923339844,206.3766632080078,0.023879957500782572
2021-05-26,206.3766632080078,210.28334045410156,0.01892984015424358
2021-05-27,210.28334045410156,208.4066619873047,-0.008924522802159388
2021-05-28,208.4066619873047,207.96665954589844,-0.0021112685996240044
2021-06-01,207.96665954589844,201.7066650390625,-0.030100952337768116
2021-06-02,201.7066650390625,190.94667053222656,-0.053344764312831
2021-06-03,190.94667053222656,199.68333435058594,0.0457544705755153
2021-06-04,199.68333435058594,201.7100067138672,0.01014943169830589
2021-06-07,201.7100067138672,201.19667053222656,-0.002544921741878729
2021-06-08,201.19667053222656,199.5933380126953,-0.007968981371759018
2021-06-09,199.5933380126953,203.3733367919922,0.018938501740255704
2021-06-10,203.3733367919922,203.29666137695312,-0.0003770180312155924
2021-06-11,203.29666137695312,205.89666748046875,0.012789221849023324
2021-06-14,205.89666748046875,199.7866668701172,-0.02967508257962045
2021-06-15,199.7866668701172,201.6233367919922,0.009193155632698116
2021-06-16,201.6233367919922,205.53334045410156,0.019392614586788582
2021-06-17,205.53334045410156,207.77000427246094,0.01088224330620877
2021-06-18,207.77000427246094,206.94332885742188,-0.003978800587379277
2021-06-21,206.94332885742188,207.90333557128906,0.00463898362497399
2021-06-22,207.90333557128906,218.85667419433594,0.05268476618207517
2021-06-23,218.85667419433594,226.60667419433594,0.03541130298415442
2021-06-24,226.60667419433594,223.9566650390625,-0.011694312026312218
2021-06-25,223.9566650390625,229.57333374023438,0.025079265670401977
2021-06-28,229.57333374023438,226.9199981689453,-0.011557681931349009
2021-06-29,226.9199981689453,226.56666564941406,-0.0015570796861552444
2021-06-30,226.56666564941406,225.97332763671875,-0.0026188230779431386
2021-07-01,225.97332763671875,226.3000030517578,0.0014456370513082648
2021-07-02,226.3000030517578,219.86000061035156,-0.028457809785947443
2021-07-06,219.86000061035156,214.88333129882812,-0.02263562857139883
2021-07-07,214.88333129882812,217.60333251953125,0.01265803729057303
2021-07-08,217.60333251953125,218.98333740234375,0.006341837079579818
2021-07-09,218.98333740234375,228.56666564941406,0.04376281940329833
2021-07-12,228.56666564941406,222.84666442871094,-0.025025526817093805
2021-07-13,222.84666442871094,217.7933349609375,-0.02267626253562349
2021-07-14,217.7933349609375,216.86666870117188,-0.0042547962265779525
2021-07-15,216.86666870117188,214.74000549316406,-0.009806316575730757
2021-07-16,214.74000549316406,215.4066619873047,0.003104482057777758
2021-07-19,215.4066619873047,220.1666717529297,0.022097783428376688
2021-07-20,220.1666717529297,218.42999267578125,-0.007888019850240244
2021-07-21,218.42999267578125,216.4199981689453,-0.009202007847976267
2021-07-22,216.4199981689453,214.4600067138672,-0.009056424875986204
2021-07-23,214.4600067138672,219.2066650390625,0.02213306992724434
2021-07-26,219.2066650390625,214.92666625976562,-0.019524948196872487
2021-07-27,214.92666625976562,215.66000366210938,0.003412035440299532
2021-07-28,215.66000366210938,225.78334045410156,0.04694118807422991
2021-07-29,225.78334045410156,229.06666564941406,0.014541928508582554
2021-07-30,229.06666564941406,236.55667114257812,0.03269792866600458
2021-08-02,236.55667114257812,236.5800018310547,9.862621233159203e-05
2021-08-03,236.5800018310547,236.97332763671875,0.0016625488317687238
2021-08-04,236.97332763671875,238.2100067138672,0.005218642492307288
2021-08-05,238.2100067138672,233.03334045410156,-0.02173152308409834
2021-08-06,233.03334045410156,237.9199981689453,0.02096977928274701
2021-08-09,237.9199981689453,236.663330078125,-0.005281893495678162
2021-08-10,236.663330078125,235.94000244140625,-0.003056357047287267
2021-08-11,235.94000244140625,240.75,0.0203865283920571
2021-08-12,240.75,239.05667114257812,-0.0070335570401739355
2021-08-13,239.05667114257812,228.72332763671875,-0.04322549735370641
2021-08-16,228.72332763671875,221.90333557128906,-0.02981764971635023
2021-08-17,221.90333557128906,229.663330078125,0.03497015710402852
2021-08-18,229.663330078125,224.49000549316406,-0.022525688289902954
2021-08-19,224.49000549316406,226.75332641601562,0.01008205651685675
2021-08-20,226.75332641601562,235.43333435058594,0.03827951753459808
2021-08-23,235.43333435058594,236.163330078125,0.003100647278995842
2021-08-24,236.163330078125,237.06666564941406,0.003825045873930685
2021-08-25,237.06666564941406,233.72000122070312,-0.014116975997208105
2021-08-26,233.72000122070312,237.30667114257812,0.015346011908018464
2021-08-27,237.30667114257812,243.6366729736328,0.02667435264494317
2021-08-30,243.6366729736328,245.24000549316406,0.006580834075438093
2021-08-31,245.24000549316406,244.69667053222656,-0.0022155233598404283
2021-09-01,244.69667053222656,244.1300048828125,-0.002315788147756725
2021-09-02,244.1300048828125,244.52333068847656,0.0016111325842674156
2021-09-03,244.52333068847656,250.97332763671875,0.02637783858939621
2021-09-07,250.97332763671875,251.2899932861328,0.0012617502122473855
2021-09-08,251.2899932861328,251.6199951171875,0.0013132310870768698
2021-09-09,251.6199951171875,245.42333984375,-0.024627038366134293
2021-09-10,245.42333984375,247.6666717529297,0.009140662459438112
2021-09-13,247.6666717529297,248.163330078125,0.002005349858663159
2021-09-14,248.163330078125,251.94332885742188,0.015231899000174132
2021-09-15,251.94332885742188,252.3300018310547,0.0015347617076681397
2021-09-16,252.3300018310547,253.163330078125,0.003302533353240571
2021-09-17,253.163330078125,243.38999938964844,-0.03860484330594229
2021-09-20,243.38999938964844,246.4600067138672,0.012613531089680918
2021-09-21,246.4600067138672,250.64666748046875,0.01698718109450574
2021-09-22,250.64666748046875,251.2133331298828,0.002260814616488843
2021-09-23,251.2133331298828,258.1300048828125,0.027533059916663008
2021-09-24,258.1300048828125,263.78668212890625,0.02191406322043733
2021-09-27,263.78668212890625,259.1866760253906,-0.017438356123178775
2021-09-28,259.1866760253906,260.4366760253906,0.004822778775393326
2021-09-29,260.4366760253906,258.49334716796875,-0.007461809477373359
2021-09-30,258.49334716796875,258.40667724609375,-0.0003352887910832071
2021-10-01,258.40667724609375,260.510009765625,0.008139621398127185
2021-10-04,260.510009765625,260.1966552734375,-0.0012028501034160569
2021-10-05,260.1966552734375,260.9166564941406,0.0027671424905384907
2021-10-06,260.9166564941406,264.53668212890625,0.013874260399496264
2021-10-07,264.53668212890625,261.8299865722656,-0.010231834522373263
2021-10-08,261.8299865722656,263.9800109863281,0.00821152856557585
2021-10-11,263.9800109863281,268.5733337402344,0.017400267303360875
2021-10-12,268.5733337402344,270.3599853515625,0.006652379022320155
2021-10-13,270.3599853515625,272.7733459472656,0.008926471099504287
2021-10-14,272.7733459472656,281.010009765625,0.030195999501915198
2021-10-15,281.010009765625,290.03668212890625,0.03212224493643447
2021-10-18,290.03668212890625,288.0899963378906,-0.006711860640270406
2021-10-19,288.0899963378906,288.6000061035156,0.0017703140411263274
2021-10-20,288.6000061035156,298.0,0.03257101073349516
2021-10-21,298.0,303.2266540527344,0.017539107559511324
2021-10-22,303.2266540527344,341.6199951171875,0.12661598362581974
2021-10-25,341.6199951171875,339.4766540527344,-0.006274050392506694
2021-10-26,339.4766540527344,345.9533386230469,0.019078438805710658
2021-10-27,345.9533386230469,359.0133361816406,0.03775074872979912
2021-10-28,359.0133361816406,371.3333435058594,0.03431629436179361
2021-10-29,371.3333435058594,402.86334228515625,0.08491022777974516
2021-11-01,402.86334228515625,390.6666564941406,-0.030274995292032605
2021-11-02,390.6666564941406,404.6199951171875,0.035716738019734615
2021-11-03,404.6199951171875,409.9700012207031,0.01322229787968372
2021-11-04,409.9700012207031,407.36334228515625,-0.00635816993386208
2021-11-05,407.36334228515625,387.64666748046875,-0.0484007095338631
2021-11-08,387.64666748046875,341.1666564941406,-0.11990303254359844
2021-11-09,341.1666564941406,355.98333740234375,0.043429451929624885
2021-11-10,355.98333740234375,354.5033264160156,-0.0041575288246016116
2021-11-11,354.5033264160156,344.47332763671875,-0.028293102015992094
2021-11-12,344.47332763671875,337.7966613769531,-0.01938224449936754
2021-11-15,337.7966613769531,351.57666015625,0.04079376842602816
2021-11-16,351.57666015625,363.0033264160156,0.032501208284666315
2021-11-17,363.0033264160156,365.4599914550781,0.006767610267700601
2021-11-18,365.4599914550781,379.0199890136719,0.03710391800920437
2021-11-19,379.0199890136719,385.6233215332031,0.017422122080461188
2021-11-22,385.6233215332031,369.6766662597656,-0.04135293272729215
2021-11-23,369.6766662597656,372.0,0.006284772484400752
2021-11-24,372.0,360.6400146484375,-0.03053759503108199
2021-11-26,360.6400146484375,378.9966735839844,0.05090022790022756
2021-11-29,378.9966735839844,381.586669921875,0.006833823403773729
2021-11-30,381.586669921875,365.0,-0.04346763456194869
2021-12-01,365.0,361.5333251953125,-0.009497739190924658
2021-12-02,361.5333251953125,338.3233337402344,-0.06419876077133223
2021-12-03,338.3233337402344,336.336669921875,-0.0058720863157630775
2021-12-06,336.336669921875,350.5833435058594,0.04235837141187615
2021-12-07,350.5833435058594,356.32000732421875,0.016363195584229166
2021-12-08,356.32000732421875,334.6000061035156,-0.060956445819052484
2021-12-09,334.6000061035156,339.010009765625,0.01317992702231167
2021-12-10,339.010009765625,322.13665771484375,-0.04977243020772945
2021-12-13,322.13665771484375,319.5033264160156,-0.008174578197676457
2021-12-14,319.5033264160156,325.3299865722656,0.018236618133556714
2021-12-15,325.3299865722656,308.97332763671875,-0.05027713279025869
2021-12-16,308.97332763671875,310.8566589355469,0.006095449446181606
2021-12-17,310.8566589355469,299.9800109863281,-0.034989271217361693
2021-12-20,299.9800109863281,312.84332275390625,0.04288056302579568
2021-12-21,312.84332275390625,336.2900085449219,0.0749470552371662
2021-12-22,336.2900085449219,355.6666564941406,0.0576188630553096
2021-12-23,355.6666564941406,364.64666748046875,0.02524839149906667
2021-12-27,364.64666748046875,362.8233337402344,-0.0050002753427934084
2021-12-28,362.8233337402344,362.0633239746094,-0.0020947102761839837
2021-12-29,362.0633239746094,356.7799987792969,-0.01459226838364608
2021-12-30,356.7799987792969,352.260009765625,-0.012668840823859993
2021-12-31,352.260009765625,399.9266662597656,0.13531668418977072
2022-01-03,399.9266662597656,383.1966552734375,-0.041832696836128024
2022-01-04,383.1966552734375,362.7066650390625,-0.05347121367683642
2022-01-05,362.7066650390625,354.8999938964844,-0.02152337383085411
2022-01-06,354.8999938964844,342.32000732421875,-0.03544656745171683
2022-01-07,342.32000732421875,352.7066650390625,0.03034195341380184
2022-01-10,352.7066650390625,354.79998779296875,0.005935024657598724
2022-01-11,354.79998779296875,368.739990234375,0.03928974893184172
2022-01-12,368.739990234375,343.85333251953125,-0.06749107331435772
2022-01-13,343.85333251953125,349.8699951171875,0.017497758575059023
2022-01-14,349.8699951171875,343.5033264160156,-0.018197241232530918
2022-01-18,343.5033264160156,331.8833312988281,-0.033827896918571805
2022-01-19,331.8833312988281,332.0899963378906,0.0006227038828787052
2022-01-20,332.0899963378906,314.6333312988281,-0.05256606712507208
2022-01-21,314.6333312988281,310.0,-0.01472612987219572
2022-01-24,310.0,306.1333312988281,-0.01247312484248992
2022-01-25,306.1333312988281,312.4700012207031,0.020699052582711226
2022-01-26,312.4700012207031,276.3666687011719,-0.1155417556197045
2022-01-27,276.3666687011719,282.1166687011719,0.020805692766870255
2022-01-28,282.1166687011719,312.239990234375,0.10677611383930961
2022-01-31,312.239990234375,310.4166564941406,-0.005839526637397522
2022-02-01,310.4166564941406,301.88665771484375,-0.027479191598914363
2022-02-02,301.88665771484375,297.0466613769531,-0.01603249502487914
2022-02-03,297.0466613769531,307.7733459472656,0.03611110968421323
2022-02-04,307.7733459472656,302.4466552734375,-0.017307186421337502
2022-02-07,302.4466552734375,307.3333435058594,0.016157190523412777
2022-02-08,307.3333435058594,310.6666564941406,0.010845920427171937
2022-02-09,310.6666564941406,301.51666259765625,-0.029452771017468203
2022-02-10,301.51666259765625,286.6666564941406,-0.049251029696264145
2022-02-11,286.6666564941406,291.9200134277344,0.01832566437213505
2022-02-14,291.9200134277344,307.4766540527344,0.05329076428276847
2022-02-15,307.4766540527344,307.7966613769531,0.0010407532409399333
2022-02-16,307.7966613769531,292.1166687011719,-0.050942699006660895
2022-02-17,292.1166687011719,285.6600036621094,-0.022103035296720808
2022-02-18,285.6600036621094,273.84332275390625,-0.04136624223452853
2022-02-22,273.84332275390625,254.67999267578125,-0.06997917599526952
2022-02-23,254.67999267578125,266.92333984375,0.04807345500262781
2022-02-24,266.92333984375,269.9566650390625,0.011364031324829556
2022-02-25,269.9566650390625,290.1433410644531,0.07477746853358716
2022-02-28,290.1433410644531,288.1233215332031,-0.006962143345558526
2022-03-01,288.1233215332031,293.2966613769531,0.017955297114516388
2022-03-02,293.2966613769531,279.7633361816406,-0.046142104488257674
2022-03-03,279.7633361816406,279.42999267578125,-0.0011915196265851885
2022-03-04,279.42999267578125,268.1933288574219,-0.04021280504200249
2022-03-07,268.1933288574219,274.79998779296875,0.024633942103232314
2022-03-08,274.79998779296875,286.3233337402344,0.04193357517885767
2022-03-09,286.3233337402344,279.4333190917969,-0.024063755330148665
2022-03-10,279.4333190917969,265.1166687011719,-0.051234585901052926
2022-03-11,265.1166687011719,255.4566650390625,-0.03643680236868741
2022-03-14,255.4566650390625,267.2966613769531,0.046348355546253384
2022-03-15,267.2966613769531,280.07666015625,0.04781204042527855
2022-03-16,280.07666015625,290.5333251953125,0.03733501046902268
2022-03-17,290.5333251953125,301.7966613769531,0.03876779427650439
2022-03-18,301.7966613769531,307.0533447265625,0.017417963888750974
2022-03-21,307.0533447265625,331.32666015625,0.0790524377817913
2022-03-22,331.32666015625,333.03668212890625,0.005161136057840388
2022-03-23,333.03668212890625,337.97332763671875,0.014823128420135131
2022-03-24,337.97332763671875,336.8800048828125,-0.0032349379803173176
2022-03-25,336.8800048828125,363.9466552734375,0.08034507836118217
2022-03-28,363.9466552734375,366.5233459472656,0.007079858095940534
2022-03-29,366.5233459472656,364.663330078125,-0.0050747541451513405
2022-03-30,364.663330078125,359.20001220703125,-0.014981813142339527
2022-03-31,359.20001220703125,361.5299987792969,0.006486599368272561
2022-04-01,361.5299987792969,381.8166809082031,0.056113412987591815
2022-04-04,381.8166809082031,363.7533264160156,-0.04730897154420112
2022-04-05,363.7533264160156,348.586669921875,-0.04169489429436832
2022-04-06,348.586669921875,352.4200134277344,0.010996816105212805
2022-04-07,352.4200134277344,341.8299865722656,-0.030049447965418377
2022-04-08,341.8299865722656,325.30999755859375,-0.048328086073804455
2022-04-11,325.30999755859375,328.98333740234375,0.011291813566499352
2022-04-12,328.98333740234375,340.7900085449219,0.035888356035912755
2022-04-13,340.7900085449219,328.3333435058594,-0.03655231880843273
2022-04-14,328.3333435058594,334.7633361816406,0.01958373343116308
2022-04-18,334.7633361816406,342.7166748046875,0.023758093445249453
2022-04-19,342.7166748046875,325.73333740234375,-0.04955503671370081
2022-04-20,325.73333740234375,336.260009765625,0.03231684066245504
2022-04-21,336.260009765625,335.01666259765625,-0.0036975766723951788
2022-04-22,335.01666259765625,332.67333984375,-0.006994645387893741
2022-04-25,332.67333984375,292.1400146484375,-0.12184121881948878
2022-04-26,292.1400146484375,293.836669921875,0.005807678470473351
2022-04-27,293.836669921875,292.5033264160156,-0.004537702888526075
2022-04-28,292.5033264160156,290.2533264160156,-0.007692220213591405
2022-04-29,290.2533264160156,300.9800109863281,0.03695628471433298
2022-05-02,300.9800109863281,303.0833435058594,0.006988279761963305
2022-05-03,303.0833435058594,317.5400085449219,0.04769864576468557
2022-05-04,317.5400085449219,291.09332275390625,-0.0832861531754801
2022-05-05,291.09332275390625,288.54998779296875,-0.008737180698190268
2022-05-06,288.54998779296875,262.3699951171875,-0.09072948807249678
2022-05-09,262.3699951171875,266.67999267578125,0.01642717398637253
2022-05-10,266.67999267578125,244.6666717529297,-0.08254582843646043
2022-05-11,244.6666717529297,242.6666717529297,-0.008174386751047353
2022-05-12,242.6666717529297,256.5299987792969,0.057129093691457106
2022-05-13,256.5299987792969,241.4566650390625,-0.058758561618372646
2022-05-16,241.4566650390625,253.8699951171875,0.051410177789529186
2022-05-17,253.8699951171875,236.60333251953125,-0.06801379812405906
2022-05-18,236.60333251953125,236.47332763671875,-0.000549463447653546
2022-05-19,236.47332763671875,221.3000030517578,-0.06416505716141864
2022-05-20,221.3000030517578,224.96665954589844,0.01656871415985957
2022-05-23,224.96665954589844,209.3866729736328,-0.06925464690507593
2022-05-24,209.3866729736328,219.60000610351562,0.04877737911795817
2022-05-25,219.60000610351562,235.91000366210938,0.0742713893682931
2022-05-26,235.91000366210938,253.2100067138672,0.07333306253742579
2022-05-27,253.2100067138672,252.75332641601562,-0.0018035633890552405
2022-05-31,252.75332641601562,246.7899932861328,-0.023593490200273574
2022-06-01,246.7899932861328,258.3333435058594,0.046773980038740844
2022-06-02,258.3333435058594,234.51666259765625,-0.09219359988526966
2022-06-03,234.51666259765625,238.27999877929688,0.016047201678360552
2022-06-06,238.27999877929688,238.8866729736328,0.0025460558898938892
2022-06-07,238.8866729736328,241.86666870117188,0.012474516432601413
2022-06-08,241.86666870117188,239.7066650390625,-0.008930555308462432
2022-06-09,239.7066650390625,232.22999572753906,-0.03119091123438325
2022-06-10,232.22999572753906,215.73666381835938,-0.07102153990705956
2022-06-13,215.73666381835938,220.88999938964844,0.023887157055640484
2022-06-14,220.88999938964844,233.0,0.05482367080362749
2022-06-15,233.0,213.10000610351562,-0.08540769912654238
2022-06-16,213.10000610351562,216.75999450683594,0.01717498028386932
2022-06-17,216.75999450683594,237.0366668701172,0.0935443480214786
2022-06-21,237.0366668701172,236.086669921875,-0.004007805884153495
2022-06-22,236.086669921875,235.07000732421875,-0.004306310889948511
2022-06-23,235.07000732421875,245.7066650390625,0.045248893450593256
2022-06-24,245.7066650390625,244.9199981689453,-0.003201650512785736
2022-06-27,244.9199981689453,232.663330078125,-0.05004355782481138
2022-06-28,232.663330078125,228.49000549316406,-0.017937182380908908
2022-06-29,228.49000549316406,224.47332763671875,-0.01757922779937735
2022-06-30,224.47332763671875,227.26333618164062,0.01242913166697981
2022-07-01,227.26333618164062,233.06666564941406,0.025535704813974554
2022-07-05,233.06666564941406,231.73333740234375,-0.005720802000385355
2022-07-06,231.73333740234375,244.5433349609375,0.05527904488059295
2022-07-07,244.5433349609375,250.76333618164062,0.025435169687600304
2022-07-08,250.76333618164062,234.3433380126953,-0.06548005948146851
2022-07-11,234.3433380126953,233.07000732421875,-0.005433611636988721
2022-07-12,233.07000732421875,237.0399932861328,0.017033448479672888
2022-07-13,237.0399932861328,238.31333923339844,0.0053718612189149
2022-07-14,238.31333923339844,240.06666564941406,0.0073572315408599875
2022-07-15,240.06666564941406,240.54666137695312,0.001999426810217931
2022-07-18,240.54666137695312,245.52999877929688,0.020716718219316786
2022-07-19,245.52999877929688,247.5,0.008023464466653335
2022-07-20,247.5,271.7066650390625,0.09780470722853535
2022-07-21,271.7066650390625,272.24334716796875,0.001975226219898186
2022-07-22,272.24334716796875,268.4333190917969,-0.013994935471540331
2022-07-25,268.4333190917969,258.8599853515625,-0.03566373121125309
2022-07-26,258.8599853515625,274.82000732421875,0.06165503699222053
2022-07-27,274.82000732421875,280.8999938964844,0.02212352234272654
2022-07-28,280.8999938964844,297.1499938964844,0.0578497698579102
2022-07-29,297.1499938964844,297.27667236328125,0.00042631152414226504
2022-08-01,297.27667236328125,300.586669921875,0.011134400598203788
2022-08-02,300.586669921875,307.39666748046875,0.022655687161256106
2022-08-03,307.39666748046875,308.6333312988281,0.004023022853486041
2022-08-04,308.6333312988281,288.1700134277344,-0.06630300682359076
2022-08-05,288.1700134277344,290.42333984375,0.007819434052879694
2022-08-08,290.42333984375,283.3333435058594,-0.024412625864385067
2022-08-09,283.3333435058594,294.3566589355469,0.038905817766766077
2022-08-10,294.3566589355469,286.6300048828125,-0.02624929254420646
2022-08-11,286.6300048828125,300.0299987792969,0.0467501436284136
2022-08-12,300.0299987792969,309.32000732421875,0.030963598915839205
2022-08-15,309.32000732421875,306.5633239746094,-0.008912075793144259
2022-08-16,306.5633239746094,303.9966735839844,-0.008372333511224515
2022-08-17,303.9966735839844,302.8699951171875,-0.003706219721136555
2022-08-18,302.8699951171875,296.6666564941406,-0.020481852686155516
2022-08-19,296.6666564941406,289.913330078125,-0.02276402240758394
2022-08-22,289.913330078125,296.4533386230469,0.022558495475732326
2022-08-23,296.4533386230469,297.0966796875,0.0021701258870663646
2022-08-24,297.0966796875,296.07000732421875,-0.0034556844067094635
2022-08-25,296.07000732421875,288.0899963378906,-0.02695312185941691
2022-08-26,288.0899963378906,284.82000732421875,-0.011350581607271846
2022-08-29,284.82000732421875,277.70001220703125,-0.024998226718962922
2022-08-30,277.70001220703125,275.6099853515625,-0.007526203685978201
2022-08-31,275.6099853515625,277.1600036621094,0.005623955563764147
2022-09-01,277.1600036621094,270.2099914550781,-0.025075812221102913
2022-09-02,270.2099914550781,274.4200134277344,0.015580556255471249
2022-09-06,274.4200134277344,283.70001220703125,0.03381677109982602
2022-09-07,283.70001220703125,289.260009765625,0.01959815762903922
2022-09-08,289.260009765625,299.67999267578125,0.036022894829461964
2022-09-09,299.67999267578125,304.4200134277344,0.015816940963026764
2022-09-12,304.4200134277344,292.1300048828125,-0.040371880963205375
2022-09-13,292.1300048828125,302.6099853515625,0.03587437200418364
2022-09-14,302.6099853515625,303.75,0.0037672737306175402
2022-09-15,303.75,303.3500061035156,-0.0013168523341049382
2022-09-16,303.3500061035156,309.07000732421875,0.01885611045200119
2022-09-19,309.07000732421875,308.7300109863281,-0.0011000625419274803
2022-09-20,308.7300109863281,300.79998779296875,-0.02568594859963436
2022-09-21,300.79998779296875,288.5899963378906,-0.040591728559117767
2022-09-22,288.5899963378906,275.3299865722656,-0.04594757245188688
2022-09-23,275.3299865722656,276.010009765625,0.002469847915315573
2022-09-26,276.010009765625,282.94000244140625,0.02510775852537334
2022-09-27,282.94000244140625,287.80999755859375,0.017212112374233906
2022-09-28,287.80999755859375,268.2099914550781,-0.06810050474193607
2022-09-29,268.2099914550781,265.25,-0.011036096899372547
2022-09-30,265.25,242.39999389648438,-0.08614516909902215
2022-10-03,242.39999389648438,249.44000244140625,0.0290429402730442
2022-10-04,249.44000244140625,240.80999755859375,-0.03459751763288127
2022-10-05,240.80999755859375,238.1300048828125,-0.011129075632041215
2022-10-06,238.1300048828125,223.07000732421875,-0.06324275500689218
2022-10-07,223.07000732421875,222.9600067138672,-0.0004931214719138969
2022-10-10,222.9600067138672,216.5,-0.02897383620084634
2022-10-11,216.5,217.24000549316406,0.003418039229395208
2022-10-12,217.24000549316406,221.72000122070312,0.020622332969329794
2022-10-13,221.72000122070312,204.99000549316406,-0.07545550981161053
2022-10-14,204.99000549316406,219.35000610351562,0.07005219876844403
2022-10-17,219.35000610351562,220.19000244140625,0.0038294794370519144
2022-10-18,220.19000244140625,222.0399932861328,0.008401793106927527
2022-10-19,222.0399932861328,207.27999877929688,-0.06647448636793736
2022-10-20,207.27999877929688,214.44000244140625,0.034542665497277664
2022-10-21,214.44000244140625,211.25,-0.014875967194030828
2022-10-24,211.25,222.4199981689453,0.05287573097725592
2022-10-25,222.4199981689453,224.63999938964844,0.0099811223764909
2022-10-26,224.63999938964844,225.08999633789062,0.002003191548543619
2022-10-27,225.08999633789062,228.52000427246094,0.015238384603380619
2022-10-28,228.52000427246094,227.5399932861328,-0.004288512900427189
2022-10-31,227.5399932861328,227.82000732421875,0.0012306146011607651
2022-11-01,227.82000732421875,214.97999572753906,-0.0563603335259603
2022-11-02,214.97999572753906,215.30999755859375,0.0015350350619269925
2022-11-03,215.30999755859375,207.47000122070312,-0.036412597774318746
2022-11-04,207.47000122070312,197.0800018310547,-0.0500795263340059
2022-11-07,197.0800018310547,191.3000030517578,-0.029328185130887783
2022-11-08,191.3000030517578,177.58999633789062,-0.07166757185130745
2022-11-09,177.58999633789062,190.72000122070312,0.0739343721694254
2022-11-10,190.72000122070312,195.97000122070312,0.027527264924482917
2022-11-11,195.97000122070312,190.9499969482422,-0.025616187381697082
2022-11-14,190.9499969482422,194.4199981689453,0.01817230309589208
2022-11-15,194.4199981689453,186.9199981689453,-0.038576278523995866
2022-11-16,186.9199981689453,183.1699981689453,-0.0200620588312365
2022-11-17,183.1699981689453,180.19000244140625,-0.016269016527425458
2022-11-18,180.19000244140625,167.8699951171875,-0.06837231343190053
2022-11-21,167.8699951171875,169.91000366210938,0.012152311933396888
2022-11-22,169.91000366210938,183.1999969482422,0.0782178388540435
2022-11-23,183.1999969482422,182.86000061035156,-0.001855875237741849
2022-11-25,182.86000061035156,182.9199981689453,0.0003281065208000091
2022-11-28,182.9199981689453,180.8300018310547,-0.011425739989130657
2022-11-29,180.8300018310547,194.6999969482422,0.07670184691003828
2022-11-30,194.6999969482422,194.6999969482422,0.0
2022-12-01,194.6999969482422,194.86000061035156,0.0008217959148294664
2022-12-02,194.86000061035156,182.4499969482422,-0.06368676805520916
2022-12-05,182.4499969482422,179.82000732421875,-0.014414851564889412
2022-12-06,179.82000732421875,174.0399932861328,-0.03214333112368562
2022-12-07,174.0399932861328,173.44000244140625,-0.003447430865732909
2022-12-08,173.44000244140625,179.0500030517578,0.032345482768583365
2022-12-09,179.0500030517578,167.82000732421875,-0.06271988570864653
2022-12-12,167.82000732421875,160.9499969482422,-0.040936777953442055
2022-12-13,160.9499969482422,156.8000030517578,-0.025784367661832994
2022-12-14,156.8000030517578,157.6699981689453,0.005548438139381445
2022-12-15,157.6699981689453,150.22999572753906,-0.047187179094365164
2022-12-16,150.22999572753906,149.8699951171875,-0.0023963297649589816
2022-12-19,149.8699951171875,137.8000030517578,-0.08053641461716086
2022-12-20,137.8000030517578,137.57000732421875,-0.0016690545895900735
2022-12-21,137.57000732421875,125.3499984741211,-0.08882756559936858
2022-12-22,125.3499984741211,123.1500015258789,-0.017550833466474944
2022-12-23,123.1500015258789,109.0999984741211,-0.11408853331443383
2022-12-27,109.0999984741211,112.70999908447266,0.03308891531476847
2022-12-28,112.70999908447266,121.81999969482422,0.08082690696788933
2022-12-29,121.81999969482422,123.18000030517578,0.01116401751566697
2022-12-30,123.18000030517578,108.0999984741211,-0.12242248574195738
2023-01-03,108.0999984741211,113.63999938964844,0.0512488528559379
2023-01-04,113.63999938964844,110.33999633789062,-0.029039097760312136
2023-01-05,110.33999633789062,113.05999755859375,0.02465109036594267
2023-01-06,113.05999755859375,119.7699966430664,0.05934901140427829
2023-01-09,119.7699966430664,118.8499984741211,-0.007681374256751906
2023-01-10,118.8499984741211,123.22000122070312,0.03676906018247509
2023-01-11,123.22000122070312,123.55999755859375,0.0027592625752506455
2023-01-12,123.55999755859375,122.4000015258789,-0.009388119582672851
2023-01-13,122.4000015258789,131.49000549316406,0.07426473736900457
2023-01-17,131.49000549316406,128.77999877929688,-0.020609982513142992
2023-01-18,128.77999877929688,127.16999816894531,-0.012501946153228197
2023-01-19,127.16999816894531,133.4199981689453,0.04914681206251868
2023-01-20,133.4199981689453,143.75,0.07742468874848993
2023-01-23,143.75,143.88999938964844,0.0009739087975543479
2023-01-24,143.88999938964844,144.42999267578125,0.0037528201294277025
2023-01-25,144.42999267578125,160.27000427246094,0.1096725915664733
2023-01-26,160.27000427246094,177.89999389648438,0.1100018041682475
2023-01-27,177.89999389648438,166.66000366210938,-0.06318150994943414
2023-01-30,166.66000366210938,173.22000122070312,0.03936155894904246
2023-01-31,173.22000122070312,181.41000366210938,0.04728092820511646
2023-02-01,181.41000366210938,188.27000427246094,0.03781489703913386
2023-02-02,188.27000427246094,189.97999572753906,0.00908265478447356
2023-02-03,189.97999572753906,194.75999450683594,0.02516053735548104
2023-02-06,194.75999450683594,196.80999755859375,0.010525791279409072
2023-02-07,196.80999755859375,201.2899932861328,0.02276304955598249
2023-02-08,201.2899932861328,207.32000732421875,0.029956849516678655
2023-02-09,207.32000732421875,196.88999938964844,-0.050308738018995325
2023-02-10,196.88999938964844,194.63999938964844,-0.011427700782035222
2023-02-13,194.63999938964844,209.25,0.07506165565230971
2023-02-14,209.25,214.24000549316406,0.023847099131011053
2023-02-15,214.24000549316406,202.0399932861328,-0.05694553722096747
2023-02-16,202.0399932861328,208.30999755859375,0.03103348089890916
2023-02-17,208.30999755859375,197.3699951171875,-0.05251789433835997
2023-02-21,197.3699951171875,200.86000061035156,0.017682553475729116
2023-02-22,200.86000061035156,202.07000732421875,0.006024129792842529
2023-02-23,202.07000732421875,196.8800048828125,-0.02568418000341316
2023-02-24,196.8800048828125,207.6300048828125,0.054601786536924594
2023-02-27,207.6300048828125,205.7100067138672,-0.009247209573726928
2023-02-28,205.7100067138672,202.77000427246094,-0.014291975817664783
2023-03-01,202.77000427246094,190.89999389648438,-0.05853928157947314
2023-03-02,190.89999389648438,197.7899932861328,0.03609219282314144
2023-03-03,197.7899932861328,193.80999755859375,-0.020122331071528998
2023-03-06,193.80999755859375,187.7100067138672,-0.031474077300281574
2023-03-07,187.7100067138672,182.0,-0.03041929843714271
2023-03-08,182.0,172.9199981689453,-0.04989011995084993
2023-03-09,172.9199981689453,173.44000244140625,0.00300719568567706
2023-03-10,173.44000244140625,174.47999572753906,0.005996271168666275
2023-03-13,174.47999572753906,183.25999450683594,0.05032094792693237
2023-03-14,183.25999450683594,180.4499969482422,-0.015333393227232319
2023-03-15,180.4499969482422,184.1300048828125,0.020393505108375457
2023-03-16,184.1300048828125,180.1300048828125,-0.02172378153438792
2023-03-17,180.1300048828125,183.25,0.017320796272765778
2023-03-20,183.25,197.5800018310547,0.07819919143822476
2023-03-21,197.5800018310547,191.14999389648438,-0.0325438195919668
2023-03-22,191.14999389648438,192.22000122070312,0.005597736638161773
2023-03-23,192.22000122070312,190.41000366210938,-0.009416281069083687
2023-03-24,190.41000366210938,191.80999755859375,0.007352522816861679
2023-03-27,191.80999755859375,189.19000244140625,-0.013659325116185088
2023-03-28,189.19000244140625,193.8800048828125,0.02478990634221691
2023-03-29,193.8800048828125,195.27999877929688,0.007220929756684181
2023-03-30,195.27999877929688,207.4600067138672,0.06237201971890635
2023-03-31,207.4600067138672,194.77000427246094,-0.06116842779682613
2023-04-03,194.77000427246094,192.5800018310547,-0.01124404370984501
2023-04-04,192.5800018310547,185.52000427246094,-0.036660076287605904
2023-04-05,185.52000427246094,185.05999755859375,-0.0024795531655530047
2023-04-06,185.05999755859375,184.50999450683594,-0.0029720256079851636
2023-04-10,184.50999450683594,186.7899932861328,0.01235704757019221
2023-04-11,186.7899932861328,180.5399932861328,-0.0334600365364647
2023-04-12,180.5399932861328,185.89999389648438,0.029688716127604185
2023-04-13,185.89999389648438,185.0,-0.004841279860318463
2023-04-14,185.0,187.0399932861328,0.01102699073585304
2023-04-17,187.0399932861328,184.30999755859375,-0.014595786064655858
2023-04-18,184.30999755859375,180.58999633789062,-0.020183393575926363
2023-04-19,180.58999633789062,162.99000549316406,-0.0974582823059386
2023-04-20,162.99000549316406,165.0800018310547,0.012822849668400565
2023-04-21,165.0800018310547,162.5500030517578,-0.015325895028073196
2023-04-24,162.5500030517578,160.6699981689453,-0.01156570192258861
2023-04-25,160.6699981689453,153.75,-0.04306963495243773
2023-04-26,153.75,160.19000244140625,0.04188619474085366
2023-04-27,160.19000244140625,164.30999755859375,0.025719427270091327
2023-04-28,164.30999755859375,161.8300018310547,-0.015093395194377529
2023-05-01,161.8300018310547,160.30999755859375,-0.00939259874721977
2023-05-02,160.30999755859375,160.61000061035156,0.0018713932775662387
2023-05-03,160.61000061035156,161.1999969482422,0.0036734719858571422
2023-05-04,161.1999969482422,170.05999755859375,0.05496278398315551
2023-05-05,170.05999755859375,171.7899932861328,0.010172855182730417
2023-05-08,171.7899932861328,169.14999389648438,-0.015367597024416106
2023-05-09,169.14999389648438,168.5399932861328,-0.003606270365725628
2023-05-10,168.5399932861328,172.0800018310547,0.02100396752070561
2023-05-11,172.0800018310547,167.97999572753906,-0.023826162598143994
2023-05-12,167.97999572753906,166.35000610351562,-0.009703474612936979
2023-05-15,166.35000610351562,166.52000427246094,0.0010219306444721541
2023-05-16,166.52000427246094,173.86000061035156,0.04407876621166117
2023-05-17,173.86000061035156,176.88999938964844,0.017427808401356177
2023-05-18,176.88999938964844,180.13999938964844,0.018373000232992195
2023-05-19,180.13999938964844,188.8699951171875,0.048462283541235114
2023-05-22,188.8699951171875,185.77000427246094,-0.016413357996875693
2023-05-23,185.77000427246094,182.89999389648438,-0.015449266889003463
2023-05-24,182.89999389648438,184.47000122070312,0.008583965973816951
2023-05-25,184.47000122070312,193.1699981689453,0.047162123329924845
2023-05-26,193.1699981689453,201.16000366210938,0.04136255924264208
2023-05-30,201.16000366210938,203.92999267578125,0.013770078361723712
2023-05-31,203.92999267578125,207.52000427246094,0.017604137329555437
2023-06-01,207.52000427246094,213.97000122070312,0.0310813262116829
2023-06-02,213.97000122070312,217.61000061035156,0.01701172766687932
2023-06-05,217.61000061035156,221.30999755859375,0.01700288101587451
2023-06-06,221.30999755859375,224.57000732421875,0.014730512862447092
2023-06-07,224.57000732421875,234.86000061035156,0.04582087077762271
2023-06-08,234.86000061035156,244.39999389648438,0.04061991510406363
2023-06-09,244.39999389648438,249.8300018310547,0.02221770896144209
2023-06-12,249.8300018310547,258.7099914550781,0.035544128242965996
2023-06-13,258.7099914550781,256.7900085449219,-0.007421371317580643
2023-06-14,256.7900085449219,255.89999389648438,-0.0034659239799892925
2023-06-15,255.89999389648438,260.5400085449219,0.01813214052015359
2023-06-16,260.5400085449219,274.45001220703125,0.05338912722001786
2023-06-20,274.45001220703125,259.4599914550781,-0.054618400747766804
2023-06-21,259.4599914550781,264.6099853515625,0.019848894111198737
2023-06-22,264.6099853515625,256.6000061035156,-0.03027088806722379
2023-06-23,256.6000061035156,241.0500030517578,-0.060600166336257796
2023-06-26,241.0500030517578,250.2100067138672,0.03800042956291751
2023-06-27,250.2100067138672,256.239990234375,0.024099689695478585
2023-06-28,256.239990234375,257.5,0.0049173033626504084
2023-06-29,257.5,261.7699890136719,0.016582481606492717
2023-06-30,261.7699890136719,279.82000732421875,0.0689537344542737
2023-07-03,279.82000732421875,282.4800109863281,0.009506123909957987
2023-07-05,282.4800109863281,276.5400085449219,-0.0210280452081041
2023-07-06,276.5400085449219,274.42999267578125,-0.007630056425625186
2023-07-07,274.42999267578125,269.6099853515625,-0.017563704598109405
2023-07-10,269.6099853515625,269.7900085449219,0.0006677170844567597
2023-07-11,269.7900085449219,271.989990234375,0.008154422401772573
2023-07-12,271.989990234375,277.8999938964844,0.021728754271496162
2023-07-13,277.8999938964844,281.3800048828125,0.012522529912772876
2023-07-14,281.3800048828125,290.3800048828125,0.03198521516746816
2023-07-17,290.3800048828125,293.3399963378906,0.010193509901870403
2023-07-18,293.3399963378906,291.260009765625,-0.007090702250741638
2023-07-19,291.260009765625,262.8999938964844,-0.097370098600085
2023-07-20,262.8999938964844,260.0199890136719,-0.010954754468143839
2023-07-21,260.0199890136719,269.05999755859375,0.03476659075024632
2023-07-24,269.05999755859375,265.2799987792969,-0.014048906614123108
2023-07-25,265.2799987792969,264.3500061035156,-0.003505702201676235
2023-07-26,264.3500061035156,255.7100067138672,-0.03268393868039155
2023-07-27,255.7100067138672,266.44000244140625,0.041961579311777374
2023-07-28,266.44000244140625,267.42999267578125,0.0037156216232684964
2023-07-31,267.42999267578125,261.07000732421875,-0.023781870118334214
2023-08-01,261.07000732421875,254.11000061035156,-0.02665954157355067
2023-08-02,254.11000061035156,259.32000732421875,0.020502958173047793
2023-08-03,259.32000732421875,253.86000061035156,-0.021055092394165836
2023-08-04,253.86000061035156,251.4499969482422,-0.009493435973824318
2023-08-07,251.4499969482422,249.6999969482422,-0.006959634206558434
2023-08-08,249.6999969482422,242.19000244140625,-0.03007606967809699
2023-08-09,242.19000244140625,245.33999633789062,0.01300629202168022
2023-08-10,245.33999633789062,242.64999389648438,-0.010964386082819888
2023-08-11,242.64999389648438,239.75999450683594,-0.011910156448968735
2023-08-14,239.75999450683594,232.9600067138672,-0.028361644764614273
2023-08-15,232.9600067138672,225.60000610351562,-0.031593408302874375
2023-08-16,225.60000610351562,219.22000122070312,-0.028280162722535838
2023-08-17,219.22000122070312,215.49000549316406,-0.017014851321818174
2023-08-18,215.49000549316406,231.27999877929688,0.07327482891838208
2023-08-21,231.27999877929688,233.19000244140625,0.008258403978685725
2023-08-22,233.19000244140625,236.86000061035156,0.01573823118710878
2023-08-23,236.86000061035156,230.0399932861328,-0.028793410903675785
2023-08-24,230.0399932861328,238.58999633789062,0.03716746349024181
2023-08-25,238.58999633789062,238.82000732421875,0.0009640428763089629
2023-08-28,238.82000732421875,257.17999267578125,0.07687791972402562
2023-08-29,257.17999267578125,256.8999938964844,-0.001088726912166378
2023-08-30,256.8999938964844,258.0799865722656,0.0045931985356788985
2023-08-31,258.0799865722656,245.00999450683594,-0.050643183297632136
2023-09-01,245.00999450683594,256.489990234375,0.046855214011356436
2023-09-05,256.489990234375,251.9199981689453,-0.01781742851350155
2023-09-06,251.9199981689453,251.49000549316406,-0.001706862015348554
2023-09-07,251.49000549316406,248.5,-0.011889162304087413
2023-09-08,248.5,273.5799865722656,0.10092549928477113
2023-09-11,273.5799865722656,267.4800109863281,-0.02229686338670173
2023-09-12,267.4800109863281,271.29998779296875,0.014281354305895696
2023-09-13,271.29998779296875,276.0400085449219,0.017471511114000762
2023-09-14,276.0400085449219,274.3900146484375,-0.00597737228448122
2023-09-15,274.3900146484375,265.2799987792969,-0.03320097446261972
2023-09-18,265.2799987792969,266.5,0.0045989189773712295
2023-09-19,266.5,262.5899963378906,-0.014671683535119606
2023-09-20,262.5899963378906,255.6999969482422,-0.02623862098989732
2023-09-21,255.6999969482422,244.8800048828125,-0.04231518261464754
2023-09-22,244.8800048828125,246.99000549316406,0.008616467528091176
2023-09-25,246.99000549316406,244.1199951171875,-0.011619945391093955
2023-09-26,244.1199951171875,240.5,-0.014828753029631004
2023-09-27,240.5,246.3800048828125,0.024449084751819127
2023-09-28,246.3800048828125,250.22000122070312,0.015585665483353935
2023-09-29,250.22000122070312,251.60000610351562,0.005515166158101348
2023-10-02,251.60000610351562,246.52999877929688,-0.020151062008054166
2023-10-03,246.52999877929688,261.1600036621094,0.05934371052307449
2023-10-04,261.1600036621094,260.04998779296875,-0.004250328739376077
2023-10-05,260.04998779296875,260.5299987792969,0.001845841218459398
2023-10-06,260.5299987792969,259.6700134277344,-0.0033009072106549254
2023-10-09,259.6700134277344,263.6199951171875,0.015211543440507415
2023-10-10,263.6199951171875,262.989990234375,-0.0023898220714723964
2023-10-11,262.989990234375,258.8699951171875,-0.015665976919942034
2023-10-12,258.8699951171875,251.1199951171875,-0.02993780718577162
2023-10-13,251.1199951171875,253.9199981689453,0.011150060155310074
2023-10-16,253.9199981689453,254.85000610351562,0.003662602163188159
2023-10-17,254.85000610351562,242.67999267578125,-0.047753632082673476
2023-10-18,242.67999267578125,220.11000061035156,-0.09300310180733785
2023-10-19,220.11000061035156,211.99000549316406,-0.0368906233004918
2023-10-20,211.99000549316406,212.0800018310547,0.0004245310418350221
2023-10-23,212.0800018310547,216.52000427246094,0.020935507370200824
2023-10-24,216.52000427246094,212.4199981689453,-0.01893592288293291
2023-10-25,212.4199981689453,205.75999450683594,-0.03135299745559941
2023-10-26,205.75999450683594,207.3000030517578,0.00748448962886569
2023-10-27,207.3000030517578,197.36000061035156,-0.04794984223383958
2023-10-30,197.36000061035156,200.83999633789062,0.017632730628176416
2023-10-31,200.83999633789062,205.66000366210938,0.02399924025147676
2023-11-01,205.66000366210938,218.50999450683594,0.06248172039245195
2023-11-02,218.50999450683594,219.9600067138672,0.006635907937775759
2023-11-03,219.9600067138672,219.27000427246094,-0.003136944991567639
2023-11-06,219.27000427246094,222.17999267578125,0.013271256198382765
2023-11-07,222.17999267578125,222.11000061035156,-0.0003150241594067574
2023-11-08,222.11000061035156,209.97999572753906,-0.05461260118625732
2023-11-09,209.97999572753906,214.64999389648438,0.02224020508603543
2023-11-10,214.64999389648438,223.7100067138672,0.04220830689495399
2023-11-13,223.7100067138672,237.41000366210938,0.06123998273248883
2023-11-14,237.41000366210938,242.83999633789062,0.022871793909364554
2023-11-15,242.83999633789062,233.58999633789062,-0.03809092463965217
2023-11-16,233.58999633789062,234.3000030517578,0.0030395424675642127
2023-11-17,234.3000030517578,235.60000610351562,0.005548455120893176
2023-11-20,235.60000610351562,241.1999969482422,0.023769060694616848
2023-11-21,241.1999969482422,234.2100067138672,-0.0289800593814889
2023-11-22,234.2100067138672,235.4499969482422,0.0052943520721977005
2023-11-24,235.4499969482422,236.0800018310547,0.002675748103538905
2023-11-27,236.0800018310547,246.72000122070312,0.04506946504203568
2023-11-28,246.72000122070312,244.13999938964844,-0.010457205813430381
2023-11-29,244.13999938964844,240.0800018310547,-0.016629792613843574
2023-11-30,240.0800018310547,238.8300018310547,-0.005206597761023137
2023-12-01,238.8300018310547,235.5800018310547,-0.013608005590097548
2023-12-04,235.5800018310547,238.72000122070312,0.013328802806871001
2023-12-05,238.72000122070312,239.3699951171875,0.002722829646282709
2023-12-06,239.3699951171875,242.63999938964844,0.013660877884298128
2023-12-07,242.63999938964844,243.83999633789062,0.0049455858525417635
2023-12-08,243.83999633789062,239.74000549316406,-0.016814267168234285
2023-12-11,239.74000549316406,237.00999450683594,-0.011387381846063938
2023-12-12,237.00999450683594,239.2899932861328,0.009619842336358158
2023-12-13,239.2899932861328,251.0500030517578,0.049145430630535725
2023-12-14,251.0500030517578,253.5,0.009758999874367989
2023-12-15,253.5,252.0800018310547,-0.005601570686174803
2023-12-18,252.0800018310547,257.2200012207031,0.020390349699748463
2023-12-19,257.2200012207031,247.13999938964844,-0.039188250459596716
2023-12-20,247.13999938964844,254.5,0.029780693649462876
2023-12-21,254.5,252.5399932861328,-0.0077014016261972
2023-12-22,252.5399932861328,256.6099853515625,0.016116227819877645
2023-12-26,256.6099853515625,261.44000244140625,0.01882240507214284
2023-12-27,261.44000244140625,253.17999267578125,-0.031594284304201796
2023-12-28,253.17999267578125,248.47999572753906,-0.018563856087399994
2023-12-29,248.47999572753906,248.4199981689453,-0.00024145830499585952
2024-01-02,248.4199981689453,238.4499969482422,-0.040133649843772774
2024-01-03,238.4499969482422,237.92999267578125,-0.002180768627033404
2024-01-04,237.92999267578125,237.49000549316406,-0.0018492295892125815
2024-01-05,237.49000549316406,240.4499969482422,0.012463646412957474
2024-01-08,240.4499969482422,234.9600067138672,-0.022832149320246162
2024-01-09,234.9600067138672,233.94000244140625,-0.004341182513256787
2024-01-10,233.94000244140625,227.22000122070312,-0.02872531910136339
2024-01-11,227.22000122070312,218.88999938964844,-0.03666051309877249
2024-01-12,218.88999938964844,219.91000366210938,0.0046598943547220585
2024-01-16,219.91000366210938,215.5500030517578,-0.019826295019532997
2024-01-17,215.5500030517578,211.8800048828125,-0.017026203279914005
2024-01-18,211.8800048828125,212.19000244140625,0.0014630807600991174
2024-01-19,212.19000244140625,208.8000030517578,-0.015976244642273124
2024-01-22,208.8000030517578,209.13999938964844,0.001628334927784201
2024-01-23,209.13999938964844,207.8300018310547,-0.006263735117226884
2024-01-24,207.8300018310547,182.6300048828125,-0.12125293136804811
2024-01-25,182.6300048828125,183.25,0.0033948152034783655
2024-01-26,183.25,190.92999267578125,0.041909919103854026
2024-01-29,190.92999267578125,191.58999633789062,0.0034567835721343635
2024-01-30,191.58999633789062,187.2899932861328,-0.022443776470324008
2024-01-31,187.2899932861328,188.86000061035156,0.008382761388752718
2024-02-01,188.86000061035156,187.91000366210938,-0.005030164911426552
2024-02-02,187.91000366210938,181.05999755859375,-0.03645365318513309
2024-02-05,181.05999755859375,185.10000610351562,0.022313092894052797
2024-02-06,185.10000610351562,187.5800018310547,0.013398139631352285
2024-02-07,187.5800018310547,189.55999755859375,0.010555473441792373
2024-02-08,189.55999755859375,193.57000732421875,0.021154303741671498
2024-02-09,193.57000732421875,188.1300048828125,-0.02810353998847846
2024-02-12,188.1300048828125,184.02000427246094,-0.02184659811661468
2024-02-13,184.02000427246094,188.7100067138672,0.025486372853585033
2024-02-14,188.7100067138672,200.4499969482422,0.06221180550417678
2024-02-15,200.4499969482422,199.9499969482422,-0.0024943876658132555
2024-02-16,199.9499969482422,193.75999450683594,-0.030957752117438418
2024-02-20,193.75999450683594,194.77000427246094,0.005212684735028553
2024-02-21,194.77000427246094,197.41000366210938,0.013554445406056369
2024-02-22,197.41000366210938,191.97000122070312,-0.027556873210526144
2024-02-23,191.97000122070312,199.39999389648438,0.03870392576202139
2024-02-26,199.39999389648438,199.72999572753906,0.001654974128163731
2024-02-27,199.72999572753906,202.0399932861328,0.011565601602199625
2024-02-28,202.0399932861328,201.8800048828125,-0.0007918650199801478
2024-02-29,201.8800048828125,202.63999938964844,0.0037645853400741685
2024-03-01,202.63999938964844,188.13999938964844,-0.07155546804023881
2024-03-04,188.13999938964844,180.74000549316406,-0.03933237971984137
2024-03-05,180.74000549316406,176.5399932861328,-0.023237866987837967
2024-03-06,176.5399932861328,178.64999389648438,0.011951969472048816
2024-03-07,178.64999389648438,175.33999633789062,-0.018527834714126386
2024-03-08,175.33999633789062,177.77000427246094,0.013858834181150217
2024-03-11,177.77000427246094,177.5399932861328,-0.0012938683737420426
2024-03-12,177.5399932861328,169.47999572753906,-0.04539820808488954
2024-03-13,169.47999572753906,162.5,-0.041184776395441415
2024-03-14,162.5,163.57000732421875,0.0065846604567307695
2024-03-15,163.57000732421875,173.8000030517578,0.06254200201423096
2024-03-18,173.8000030517578,171.32000732421875,-0.01426925019558554
2024-03-19,171.32000732421875,175.66000366210938,0.025332688257929458
2024-03-20,175.66000366210938,172.82000732421875,-0.016167575308454946
2024-03-21,172.82000732421875,170.8300018310547,-0.011514902261465105
2024-03-22,170.8300018310547,172.6300048828125,0.010536808713132
2024-03-25,172.6300048828125,177.6699981689453,0.029195349264770874
2024-03-26,177.6699981689453,179.8300018310547,0.012157391142962926
2024-03-27,179.8300018310547,175.7899932861328,-0.02246570930204044
2024-03-28,175.7899932861328,175.22000122070312,-0.00324246024915601
2024-04-01,175.22000122070312,166.6300048828125,-0.04902406276707453
2024-04-02,166.6300048828125,168.3800048828125,0.010502310200559254
2024-04-03,168.3800048828125,171.11000061035156,0.01621330115436841
2024-04-04,171.11000061035156,164.89999389648438,-0.036292482565110244
2024-04-05,164.89999389648438,172.97999572753906,0.04899940648952899
2024-04-08,172.97999572753906,176.8800048828125,0.02254601255405478
2024-04-09,176.8800048828125,171.75999450683594,-0.028946236061948887
2024-04-10,171.75999450683594,174.60000610351562,0.01653476762638495
2024-04-11,174.60000610351562,171.0500030517578,-0.02033220462577253
2024-04-12,171.0500030517578,161.47999572753906,-0.05594859487563396
2024-04-15,161.47999572753906,157.11000061035156,-0.027062145360474726
2024-04-16,157.11000061035156,155.4499969482422,-0.01056586885405436
2024-04-17,155.4499969482422,149.92999267578125,-0.03550983840996053
2024-04-18,149.92999267578125,147.0500030517578,-0.01920889591618484
2024-04-19,147.0500030517578,142.0500030517578,-0.03400203941675628
2024-04-22,142.0500030517578,144.67999267578125,0.01851453409026092
2024-04-23,144.67999267578125,162.1300048828125,0.12061109407252756
2024-04-24,162.1300048828125,170.17999267578125,0.04965143743002585
2024-04-25,170.17999267578125,168.2899932861328,-0.011105884774887572
2024-04-26,168.2899932861328,194.0500030517578,0.1530691710339954
2024-04-29,194.0500030517578,183.27999877929688,-0.055501180639447444
2024-04-30,183.27999877929688,179.99000549316406,-0.017950640048260667
2024-05-01,179.99000549316406,180.00999450683594,0.00011105624235693562
2024-05-02,180.00999450683594,181.19000244140625,0.006555235656792942
2024-05-03,181.19000244140625,184.75999450683594,0.019703030064167928
2024-05-06,184.75999450683594,177.80999755859375,-0.0376163517800118
2024-05-07,177.80999755859375,174.72000122070312,-0.01737807986231133
2024-05-08,174.72000122070312,171.97000122070312,-0.0157394687545031
2024-05-09,171.97000122070312,168.47000122070312,-0.020352386899783553
2024-05-10,168.47000122070312,171.88999938964844,0.020300339194898945
2024-05-13,171.88999938964844,177.5500030517578,0.03292805679333915
2024-05-14,177.5500030517578,173.99000549316406,-0.0200506758513317
2024-05-15,173.99000549316406,174.83999633789062,0.004885285464054761
2024-05-16,174.83999633789062,177.4600067138672,0.014985188920464215
2024-05-17,177.4600067138672,174.9499969482422,-0.014144086952910395
2024-05-20,174.9499969482422,186.60000610351562,0.06659050790792535
2024-05-21,186.60000610351562,180.11000061035156,-0.034780306971500086
2024-05-22,180.11000061035156,173.74000549316406,-0.03536724832380792
2024-05-23,173.74000549316406,179.24000549316406,0.03165649721483635
2024-05-24,179.24000549316406,176.75,-0.013892018616675546
2024-05-28,176.75,176.19000244140625,-0.003168303018917963
2024-05-29,176.19000244140625,178.7899932861328,0.014756744473008425
2024-05-30,178.7899932861328,178.0800018310547,-0.003971091681523055
2024-05-31,178.0800018310547,176.2899932861328,-0.010051710054563366
2024-06-03,176.2899932861328,174.77000427246094,-0.008622094682395335
2024-06-04,174.77000427246094,175.0,0.0013159908560768036
2024-06-05,175.0,177.94000244140625,0.016800013950892857
2024-06-06,177.94000244140625,177.47999572753906,-0.0025851787543875234
2024-06-07,177.47999572753906,173.7899932861328,-0.02079108930716344
2024-06-10,173.7899932861328,170.66000366210938,-0.018010183238054065
2024-06-11,170.66000366210938,177.2899932861328,0.03884911216309469
2024-06-12,177.2899932861328,182.47000122070312,0.029217711832219242
2024-06-13,182.47000122070312,178.00999450683594,-0.024442410719736178
2024-06-14,178.00999450683594,187.44000244140625,0.052974598199924
2024-06-17,187.44000244140625,184.86000061035156,-0.01376441419894452
2024-06-18,184.86000061035156,181.57000732421875,-0.017797215597047788
2024-06-20,181.57000732421875,183.00999450683594,0.007930754665036104
2024-06-21,183.00999450683594,182.5800018310547,-0.0023495584322592205
2024-06-24,182.5800018310547,187.35000610351562,0.026125557150967323
2024-06-25,187.35000610351562,196.3699951171875,0.048145122603775646
2024-06-26,196.3699951171875,197.4199981689453,0.005347064612041179
2024-06-27,197.4199981689453,197.8800048828125,0.002330091774560394
2024-06-28,197.8800048828125,209.86000061035156,0.06054171938510814
2024-07-01,209.86000061035156,231.25999450683594,0.10197271435359367
2024-07-02,231.25999450683594,246.38999938964844,0.06542422054051059
2024-07-03,246.38999938964844,251.52000427246094,0.02082067005771512
2024-07-05,251.52000427246094,252.94000244140625,0.005645666924397348
2024-07-08,252.94000244140625,262.3299865722656,0.03712336538398892
2024-07-09,262.3299865722656,263.260009765625,0.0035452416458809062
2024-07-10,263.260009765625,241.02999877929688,-0.08444127539962887
2024-07-11,241.02999877929688,248.22999572753906,0.02987178768081472
2024-07-12,248.22999572753906,252.63999938964844,0.017765796793349102
2024-07-15,252.63999938964844,256.55999755859375,0.015516142251486757
2024-07-16,256.55999755859375,248.5,-0.03141564404151894
2024-07-17,248.5,249.22999572753906,0.0029376085615254025
2024-07-18,249.22999572753906,239.1999969482422,-0.04024394716220987
2024-07-19,239.1999969482422,251.50999450683594,0.051463201152370304
2024-07-22,251.50999450683594,246.3800048828125,-0.020396762498772217
2024-07-23,246.3800048828125,215.99000549316406,-0.12334604589403694
2024-07-24,215.99000549316406,220.25,0.019723109396239
2024-07-25,220.25,219.8000030517578,-0.002043118947751135
2024-07-26,219.8000030517578,232.10000610351562,0.05595997671056195
2024-07-29,232.10000610351562,222.6199951171875,-0.04084450985365369
2024-07-30,222.6199951171875,232.07000732421875,0.042449072025433965
2024-07-31,232.07000732421875,216.86000061035156,-0.06554059651757453
2024-08-01,216.86000061035156,207.6699981689453,-0.04237758192170537
2024-08-02,207.6699981689453,198.8800048828125,-0.04232673647438427
2024-08-05,198.8800048828125,200.63999938964844,0.008849529684359128
2024-08-06,200.63999938964844,191.75999450683594,-0.04425839767656341
2024-08-07,191.75999450683594,198.83999633789062,0.03692116204562311
2024-08-08,198.83999633789062,200.0,0.005833854775063313
2024-08-09,200.0,197.49000549316406,-0.012549972534179688
2024-08-12,197.49000549316406,207.8300018310547,0.05235706137163754
2024-08-13,207.8300018310547,201.3800048828125,-0.03103496555557652
2024-08-14,201.3800048828125,214.13999938964844,0.06336276788880436
2024-08-15,214.13999938964844,216.1199951171875,0.009246267550119251
2024-08-16,216.1199951171875,222.72000122070312,0.03053861860369227
2024-08-19,222.72000122070312,221.10000610351562,-0.0072736849331379765
2024-08-20,221.10000610351562,223.27000427246094,0.009814554993405802
2024-08-21,223.27000427246094,210.66000366210938,-0.05647870456867695
2024-08-22,210.66000366210938,220.32000732421875,0.04585589810206048
2024-08-23,220.32000732421875,213.2100067138672,-0.03227124352755045
2024-08-26,213.2100067138672,209.2100067138672,-0.018760845523390905
2024-08-27,209.2100067138672,205.75,-0.01653843794670576
2024-08-28,205.75,206.27999877929688,0.002575935743848724
2024-08-29,206.27999877929688,214.11000061035156,0.037958124284420636
2024-08-30,214.11000061035156,210.60000610351562,-0.016393416920415627
2024-09-03,210.60000610351562,219.41000366210938,0.04183284569452195
2024-09-04,219.41000366210938,230.1699981689453,0.04904058305110961
2024-09-05,230.1699981689453,210.72999572753906,-0.08445932396079373
2024-09-06,210.72999572753906,216.27000427246094,0.026289605928169646
2024-09-09,216.27000427246094,226.1699981689453,0.04577608406578741
2024-09-10,226.1699981689453,228.1300048828125,0.00866607741846951
2024-09-11,228.1300048828125,229.80999755859375,0.007364189890953805
2024-09-12,229.80999755859375,230.2899932861328,0.002088663385572161
2024-09-13,230.2899932861328,226.77999877929688,-0.015241628421408686
2024-09-16,226.77999877929688,227.8699951171875,0.004806404196833132
2024-09-17,227.8699951171875,227.1999969482422,-0.0029402649901350557
2024-09-18,227.1999969482422,243.9199981689453,0.07359155565707187
2024-09-19,243.9199981689453,238.25,-0.023245319004217623
2024-09-20,238.25,250.0,0.04931794333683106
2024-09-23,250.0,254.27000427246094,0.01708001708984375
2024-09-24,254.27000427246094,257.0199890136719,0.010815214909361522
2024-09-25,257.0199890136719,254.22000122070312,-0.010894046816023356
2024-09-26,254.22000122070312,260.4599914550781,0.024545630573566485
2024-09-27,260.4599914550781,261.6300048828125,0.004492104223754337
2024-09-30,261.6300048828125,258.0199890136719,-0.013798172234708318
2024-10-01,258.0199890136719,249.02000427246094,-0.03488095932262848
2024-10-02,249.02000427246094,240.66000366210938,-0.033571602549667505
2024-10-03,240.66000366210938,250.0800018310547,0.03914235030998813
2024-10-04,250.0800018310547,240.8300018310547,-0.03698816351676523
2024-10-07,240.8300018310547,244.5,0.015238957526229904
2024-10-08,244.5,241.0500030517578,-0.014110416966225716
2024-10-09,241.0500030517578,238.77000427246094,-0.009458613360014427
2024-10-10,238.77000427246094,217.8000030517578,-0.08782510719719305
2024-10-11,217.8000030517578,219.16000366210938,0.006244263504571086
2024-10-14,219.16000366210938,219.57000732421875,0.0018707960177875313
2024-10-15,219.57000732421875,221.3300018310547,0.008015641700266996
2024-10-16,221.3300018310547,220.88999938964844,-0.001987992760882513
2024-10-17,220.88999938964844,220.6999969482422,-0.0008601676940162737
2024-10-18,220.6999969482422,218.85000610351562,-0.008382378207102631
2024-10-21,218.85000610351562,217.97000122070312,-0.00402104116184607
2024-10-22,217.97000122070312,213.64999389648438,-0.01981927467094233
2024-10-23,213.64999389648438,260.4800109863281,0.21919035070290419
2024-10-24,260.4800109863281,269.19000244140625,0.033438233598413386
2024-10-25,269.19000244140625,262.510009765625,-0.02481515886621853
2024-10-28,262.510009765625,259.5199890136719,-0.011390120912428005
2024-10-29,259.5199890136719,257.54998779296875,-0.0075909421397183496
2024-10-30,257.54998779296875,249.85000610351562,-0.0298970376797018
2024-10-31,249.85000610351562,248.97999572753906,-0.0034821306973116806
2024-11-01,248.97999572753906,242.83999633789062,-0.02466061328223128
2024-11-04,242.83999633789062,251.44000244140625,0.03541429020427701
2024-11-05,251.44000244140625,288.5299987792969,0.14751032444224466
2024-11-06,288.5299987792969,296.9100036621094,0.029043790657007403
2024-11-07,296.9100036621094,321.2200012207031,0.08187665372925293
2024-11-08,321.2200012207031,350.0,0.08959591143119004
2024-11-11,350.0,328.489990234375,-0.06145717075892857
2024-11-12,328.489990234375,330.239990234375,0.005327407385386048
2024-11-13,330.239990234375,311.17999267578125,-0.05771559508909462
2024-11-14,311.17999267578125,320.7200012207031,0.030657525449785648
2024-11-15,320.7200012207031,338.739990234375,0.05618604684798389
2024-11-18,338.739990234375,346.0,0.02143239645428868
2024-11-19,346.0,342.0299987792969,-0.011473991967350073
2024-11-20,342.0299987792969,339.6400146484375,-0.0069876447662170415
2024-11-21,339.6400146484375,352.55999755859375,0.03804022598317741
2024-11-22,352.55999755859375,338.5899963378906,-0.039624464821427674
2024-11-25,338.5899963378906,338.2300109863281,-0.0010631895668980669
2024-11-26,338.2300109863281,332.8900146484375,-0.01578806186452354
2024-11-27,332.8900146484375,345.1600036621094,0.03685898787510978
2024-11-29,345.1600036621094,357.0899963378906,0.03456365902539504
2024-12-02,357.0899963378906,351.4200134277344,-0.01587830229999252
2024-12-03,351.4200134277344,357.92999267578125,0.01852478230977468
2024-12-04,357.92999267578125,369.489990234375,0.03229681165351511
2024-12-05,369.489990234375,389.2200012207031,0.05339795801724691
2024-12-06,389.2200012207031,389.7900085449219,0.001464486209421528
2024-12-09,389.7900085449219,400.989990234375,0.028733372954484974
2024-12-10,400.989990234375,424.7699890136719,0.05930322291934939
2024-12-11,424.7699890136719,418.1000061035156,-0.015702575706075993
2024-12-12,418.1000061035156,436.2300109863281,0.04336284290396247
2024-12-13,436.2300109863281,463.0199890136719,0.06141250567967772
2024-12-16,463.0199890136719,479.8599853515625,0.03636991217973827
2024-12-17,479.8599853515625,440.1300048828125,-0.08279494369517476
2024-12-18,440.1300048828125,436.1700134277344,-0.008997322180141976
2024-12-19,436.1700134277344,421.05999755859375,-0.03464249123958652
2024-12-20,421.05999755859375,430.6000061035156,0.022657123925894456
2024-12-23,430.6000061035156,462.2799987792969,0.07357174228224564
2024-12-24,462.2799987792969,454.1300048828125,-0.017629994630971195
2024-12-26,454.1300048828125,431.6600036621094,-0.04947922616674816
2024-12-27,431.6600036621094,417.4100036621094,-0.03301209257078744
2024-12-30,417.4100036621094,403.8399963378906,-0.03251001941775114
2024-12-31,403.8399963378906,379.2799987792969,-0.0608161593237648
2025-01-02,379.2799987792969,410.44000244140625,0.08215567328200027
2025-01-03,410.44000244140625,411.04998779296875,0.0014861742226248537
2025-01-06,411.04998779296875,394.3599853515625,-0.040603340073111525
2025-01-07,394.3599853515625,394.94000244140625,0.0014707807875757948
2025-01-08,394.94000244140625,394.739990234375,-0.0005064369418008601
2025-01-10,394.739990234375,403.30999755859375,0.021710512074366594
2025-01-13,403.30999755859375,396.3599853515625,-0.017232432245921542
2025-01-14,396.3599853515625,428.2200012207031,0.08038151439752804
2025-01-15,428.2200012207031,413.82000732421875,-0.03362756026209684
2025-01-16,413.82000732421875,426.5,0.030641323404759304
2025-01-17,426.5,424.07000732421875,-0.005697520927974794
2025-01-21,424.07000732421875,415.1099853515625,-0.02112863871036734
2025-01-22,415.1099853515625,412.3800048828125,-0.0065765232470569
2025-01-23,412.3800048828125,406.5799865722656,-0.014064741844588433
2025-01-24,406.5799865722656,397.1499938964844,-0.023193450212053567
2025-01-27,397.1499938964844,398.0899963378906,0.0023668700890154314
2025-01-28,398.0899963378906,389.1000061035156,-0.022582808704252093
2025-01-29,389.1000061035156,400.2799987792969,0.028732954254456988
2025-01-30,400.2799987792969,404.6000061035156,0.010792463618949595
2025-01-31,404.6000061035156,383.67999267578125,-0.05170542044525342
2025-02-03,383.67999267578125,392.2099914550781,0.02223206563315624
2025-02-04,392.2099914550781,378.1700134277344,-0.03579709424345918
2025-02-05,378.1700134277344,374.32000732421875,-0.010180622383618299
2025-02-06,374.32000732421875,361.6199951171875,-0.033928221731495865
2025-02-07,361.6199951171875,350.7300109863281,-0.030114441341470455
2025-02-10,350.7300109863281,328.5,-0.06338211812502888
2025-02-11,328.5,336.510009765625,0.0243835913717656
2025-02-12,336.510009765625,355.94000244140625,0.05773971683431942
2025-02-13,355.94000244140625,355.8399963378906,-0.00028096337256189037
2025-02-14,355.8399963378906,354.1099853515625,-0.0048617665358937886
2025-02-18,354.1099853515625,360.55999755859375,0.018214714280444928
2025-02-19,360.55999755859375,354.3999938964844,-0.017084545439925925
2025-02-20,354.3999938964844,337.79998779296875,-0.04683974714842763
2025-02-21,337.79998779296875,330.5299987792969,-0.02152157867491551
2025-02-24,330.5299987792969,302.79998779296875,-0.08389559522203655
2025-02-25,302.79998779296875,290.79998779296875,-0.03963012048799907
2025-02-26,290.79998779296875,281.95001220703125,-0.03043320480549031
2025-02-27,281.95001220703125,292.9800109863281,0.03912040539724371
2025-02-28,292.9800109863281,284.6499938964844,-0.028432032143764475
2025-03-03,284.6499938964844,272.0400085449219,-0.04429996705409465
2025-03-04,272.0400085449219,279.1000061035156,0.025952056083059324
2025-03-05,279.1000061035156,263.45001220703125,-0.05607306898689188
2025-03-06,263.45001220703125,262.6700134277344,-0.0029607088371812855
2025-03-07,262.6700134277344,222.14999389648438,-0.1542620682219512
2025-03-10,222.14999389648438,230.5800018310547,0.037947369642956
2025-03-11,230.5800018310547,248.08999633789062,0.07593891216839117
2025-03-12,248.08999633789062,240.67999267578125,-0.029868208196581966
2025-03-13,240.67999267578125,249.97999572753906,0.038640532386444756
2025-03-14,249.97999572753906,238.00999450683594,-0.047883836408052424
2025-03-17,238.00999450683594,225.30999755859375,-0.053359090968246835
2025-03-18,225.30999755859375,235.86000061035156,0.04682438935721969
2025-03-19,235.86000061035156,236.25999450683594,0.001695895427157138
2025-03-20,236.25999450683594,248.7100067138672,0.052696235065183755
2025-03-21,248.7100067138672,278.3900146484375,0.11933580126800528
2025-03-24,278.3900146484375,288.1400146484375,0.035022807884516644
2025-03-25,288.1400146484375,272.05999755859375,-0.05580626179068929
2025-03-26,272.05999755859375,273.1300048828125,0.003932982922225829
2025-03-27,273.1300048828125,263.54998779296875,-0.03507493471452942
2025-03-28,263.54998779296875,259.1600036621094,-0.016657121359109756
2025-03-31,259.1600036621094,268.4599914550781,0.03588511985473652
2025-04-01,268.4599914550781,282.760009765625,0.05326685079977633
2025-04-02,282.760009765625,267.2799987792969,-0.054746111372535475
2025-04-03,267.2799987792969,239.42999267578125,-0.10419786826814684
2025-04-04,239.42999267578125,233.2899932861328,-0.02564423663480949
2025-04-07,233.2899932861328,221.86000061035156,-0.04899478333715855
2025-04-08,221.86000061035156,272.20001220703125,0.2268998983962453
2025-04-09,272.20001220703125,252.39999389648438,-0.07274069589492625
2025-04-10,252.39999389648438,252.30999755859375,-0.0003565623615963112
2025-04-11,252.30999755859375,252.35000610351562,0.00015856900364236994
2025-04-14,252.35000610351562,254.11000061035156,0.006974418324816589
2025-04-15,254.11000061035156,241.5500030517578,-0.049427403598542585
2025-04-16,241.5500030517578,241.3699951171875,-0.0007452201709628691
2025-04-17,241.3699951171875,227.5,-0.05746362595919796
2025-04-21,227.5,237.97000122070312,0.04602198338770604
2025-04-22,237.97000122070312,250.74000549316406,0.053662244009561155
2025-04-23,250.74000549316406,259.510009765625,0.03497648592298541
2025-04-24,259.510009765625,284.95001220703125,0.098030910115499
2025-04-25,284.95001220703125,285.8800048828125,0.003263704635694352
2025-04-28,285.8800048828125,292.0299987792969,0.021512501019458747
2025-04-29,292.0299987792969,282.1600036621094,-0.033797880897321095
2025-04-30,282.1600036621094,280.5199890136719,-0.005812356915055335
2025-05-01,280.5199890136719,287.2099914550781,0.023848576584252594
2025-05-02,287.2099914550781,280.260009765625,-0.02419825875222087
2025-05-05,280.260009765625,275.3500061035156,-0.017519458684867307
2025-05-06,275.3500061035156,276.2200012207031,0.0031595972322602103
2025-05-07,276.2200012207031,284.82000732421875,0.031134624811778623
2025-05-08,284.82000732421875,298.260009765625,0.0471877048514612
2025-05-09,298.260009765625,318.3800048828125,0.06745790403815097
2025-05-12,318.3800048828125,334.07000732421875,0.04928074062685355
2025-05-13,334.07000732421875,347.67999267578125,0.040739919936463656
2025-05-14,347.67999267578125,342.82000732421875,-0.01397832907829855
2025-05-15,342.82000732421875,349.9800109863281,0.02088560617565669
2025-05-16,349.9800109863281,,
